Feature,Importance
DayOfWeek,0.3851424387804298
Rolling7DaySales,0.3711337489746275
PreviousDaySales,0.07674865027530241
PreviousWeekSales,0.06278521528114797
Promo,0.04005869988488022
Month,0.022027182620068312
CompetitionDistance,0.009564599720622308
Store,0.008566276714089709
SchoolHoliday,0.008167346248278636
Year,0.00697057615659496
CompetitionAge,0.004901621336448965
PromoDuration,0.003933644007509213
